<?xml version="1.0"?>
<install_log version="43.0.2442.806" copy_only="True" all_users="False" pinned="False" app_id="1486459279">
 <path subfolder="43.0.2442.806">C:\Users\penma\Desktop\Opera</path>
 <files>
  <file>WidevineCdm\_platform_specific\win_x64\widevinecdmadapter.dll</file>
  <file>d3dcompiler_47.dll</file>
  <file>icudtl.dat</file>
  <file>installer.exe</file>
  <file>libEGL.dll</file>
  <file>libGLESv2.dll</file>
  <file>localization\af.pak</file>
  <file>localization\az.pak</file>
  <file>localization\be.pak</file>
  <file>localization\bg.pak</file>
  <file>localization\bn.pak</file>
  <file>localization\ca.pak</file>
  <file>localization\cs.pak</file>
  <file>localization\da.pak</file>
  <file>localization\de.pak</file>
  <file>localization\el.pak</file>
  <file>localization\en-GB.pak</file>
  <file>localization\en-US.pak</file>
  <file>localization\es-419.pak</file>
  <file>localization\es.pak</file>
  <file>localization\fi.pak</file>
  <file>localization\fil.pak</file>
  <file>localization\fr-CA.pak</file>
  <file>localization\fr.pak</file>
  <file>localization\fy.pak</file>
  <file>localization\gd.pak</file>
  <file>localization\he.pak</file>
  <file>localization\hi.pak</file>
  <file>localization\hr.pak</file>
  <file>localization\hu.pak</file>
  <file>localization\id.pak</file>
  <file>localization\it.pak</file>
  <file>localization\ja.pak</file>
  <file>localization\kk.pak</file>
  <file>localization\ko.pak</file>
  <file>localization\lt.pak</file>
  <file>localization\lv.pak</file>
  <file>localization\me.pak</file>
  <file>localization\mk.pak</file>
  <file>localization\ms.pak</file>
  <file>localization\nb.pak</file>
  <file>localization\nl.pak</file>
  <file>localization\nn.pak</file>
  <file>localization\pa.pak</file>
  <file>localization\pl.pak</file>
  <file>localization\pt-BR.pak</file>
  <file>localization\pt-PT.pak</file>
  <file>localization\ro.pak</file>
  <file>localization\ru.pak</file>
  <file>localization\sk.pak</file>
  <file>localization\sr.pak</file>
  <file>localization\sv.pak</file>
  <file>localization\sw.pak</file>
  <file>localization\ta.pak</file>
  <file>localization\te.pak</file>
  <file>localization\th.pak</file>
  <file>localization\tr.pak</file>
  <file>localization\uk.pak</file>
  <file>localization\uz.pak</file>
  <file>localization\vi.pak</file>
  <file>localization\zh-CN.pak</file>
  <file>localization\zh-TW.pak</file>
  <file>localization\zu.pak</file>
  <file>message_center_win8.dll</file>
  <file>msvcp100.dll</file>
  <file>msvcp140.dll</file>
  <file>msvcr100.dll</file>
  <file>natives_blob.bin</file>
  <file>opera.exe</file>
  <file>opera.pak</file>
  <file>opera_100_percent.pak</file>
  <file>opera_125_percent.pak</file>
  <file>opera_150_percent.pak</file>
  <file>opera_200_percent.pak</file>
  <file>opera_250_percent.pak</file>
  <file>opera_autoupdate.exe</file>
  <file>opera_autoupdate.licenses</file>
  <file>opera_autoupdate.version</file>
  <file>opera_browser.dll</file>
  <file>opera_child.dll</file>
  <file>opera_crashreporter.exe</file>
  <file>osmesa.dll</file>
  <file>pgort140.dll</file>
  <file>resources\013E742B-287B-4228-A0B9-BD617E4E02A4.ico</file>
  <file>resources\07593226-C5C5-438B-86BE-3F6361CD5B10.ico</file>
  <file>resources\0CD5F3A0-8BF6-11E2-9E96-0800200C9A66.ico</file>
  <file>resources\1AF2CDD0-8BF3-11E2-9E96-0800200C9A66.ico</file>
  <file>resources\1CF37043-6733-479C-9086-7B21A2292DDA.ico</file>
  <file>resources\2A3F5C20-8BF5-11E2-9E96-0800200C9A66.ico</file>
  <file>resources\2F8F0E41-F521-45A4-9691-F664AFAFE67F.ico</file>
  <file>resources\3B6191A0-8BF3-11E2-9E96-0800200C9A66.ico</file>
  <file>resources\3BFDFA54-5DD6-4DFF-8B6C-C1715F306D6B.ico</file>
  <file>resources\4C95ADC1-5FD9-449D-BC75-77CA217403AE.ico</file>
  <file>resources\5BBBDD5B-EDC7-4168-9F5D-290AF826E716.ico</file>
  <file>resources\66DD4BB6-A3BA-4B11-AF7A-F4BF23E073B2.ico</file>
  <file>resources\6D3582E1-6013-429F-BB34-C75B90CDD1F8.ico</file>
  <file>resources\76C397A8-9E8E-4706-8203-BD2878E9C618.ico</file>
  <file>resources\8D754F20-8BF5-11E2-9E96-0800200C9A66.ico</file>
  <file>resources\AD2FD2BD-0727-4AF7-8917-AAED8627ED47.ico</file>
  <file>resources\B478FE0C-0761-41C3-946F-CD1340356039.ico</file>
  <file>resources\C665D993-1B49-4C2E-962C-BEB19993BB86.ico</file>
  <file>resources\CCCED631-6DA2-4060-9824-95737E64350C.ico</file>
  <file>resources\CFCE84E5-9A95-4B3F-B8E4-3E98CF7EE6C5.ico</file>
  <file>resources\CFD4BE41-4C6D-496A-ADDB-4095DFA1DD0E.ico</file>
  <file>resources\F3F34CBB-24FF-4830-9E87-1663E7A0A5EE.ico</file>
  <file>resources\F98D4D4C-8AA7-4619-A1E7-AC89B24558DD.ico</file>
  <file>resources\FDC2CCAB-E8F9-4620-91DD-B0B67285997C.ico</file>
  <file>resources\FF57F01A-0718-44B7-8A1F-8B15BC33A50B.ico</file>
  <file>resources\FFF3F819-B6CE-4DE6-B4E4-8E2618ABC0D9.ico</file>
  <file>resources\ab_tests.json</file>
  <file>resources\adblocker_rules.json</file>
  <file>resources\browser.js</file>
  <file>resources\default_localized_themes.json</file>
  <file>resources\default_partner_content.json</file>
  <file>resources\dictionaries.xml</file>
  <file>resources\ev_hashes_whitelist.bin</file>
  <file>resources\license.txt</file>
  <file>resources\standard_themes\darkbreeze.zip</file>
  <file>resources\standard_themes\default_theme.zip</file>
  <file>resources\standard_themes\feathers.zip</file>
  <file>resources\standard_themes\grey.zip</file>
  <file>resources\standard_themes\landscape_photo.zip</file>
  <file>resources\standard_themes\mesh.zip</file>
  <file>resources\standard_themes\reine.zip</file>
  <file>snapshot_blob.bin</file>
  <file>ucrtbase.dll</file>
  <file>vccorlib140.dll</file>
  <file>vcruntime140.dll</file>
  <file>win8_importing.dll</file>
 </files>
 <root_files>
  <file>Assets\150x150Logo.scale-100.png</file>
  <file>Assets\150x150Logo.scale-100_contrast-white.png</file>
  <file>Assets\150x150Logo.scale-140.png</file>
  <file>Assets\150x150Logo.scale-140_contrast-white.png</file>
  <file>Assets\150x150Logo.scale-180.png</file>
  <file>Assets\150x150Logo.scale-180_contrast-white.png</file>
  <file>Assets\150x150Logo.scale-80.png</file>
  <file>Assets\150x150Logo.scale-80_contrast-white.png</file>
  <file>Assets\70x70Logo.scale-100.png</file>
  <file>Assets\70x70Logo.scale-100_contrast-white.png</file>
  <file>Assets\70x70Logo.scale-140.png</file>
  <file>Assets\70x70Logo.scale-140_contrast-white.png</file>
  <file>Assets\70x70Logo.scale-180.png</file>
  <file>Assets\70x70Logo.scale-180_contrast-white.png</file>
  <file>Assets\70x70Logo.scale-80.png</file>
  <file>Assets\70x70Logo.scale-80_contrast-white.png</file>
  <file>Assets\notification_default.png</file>
  <file>Resources.pri</file>
  <file>launcher.visualelementsmanifest.xml</file>
 </root_files>
</install_log>
