{"all-installer-experiments":["installer-experiment-test@2","installer-hide-from-program-and-features@2","installer-pref-default-overrides-support@1","installer-support-x64-download@1"],"autoupdate":false,"enable_stats":true,"import_browser_data":true,"installer-experiments":[],"language":"en-GB","single_profile":true,"welcome-url":"http://redir.opera.com/www.opera.com/firstrun/?utm_source=google_via_opera_com&utm_campaign=google_ose_via_opera_com&utm_medium=ose&http_referrer=http%3A%2F%2Fwww.opera.com%2Fcomputer%2Fthanks%3Fni%3Dstable_portable%26os%3Dwindows&query=%2Fopera_portable%2Fstable%2Fwindows%3Fhttp_referrer%3Dhttps%3A%2F%2Fwww.google.ie%2F%26utm_source%3Dgoogle_via_opera_com%26utm_medium%3Dose%26utm_campaign%3Dgoogle_ose_via_opera_com"}